tx_title,phrase_id,v1,v2,sentence,translation
Importancia y Cuidado del Bosque,T20_P78,b'ij,b'i,Toos jchuchi' jun kistyan tqab'ij b'ijb'ik.+,Entonces es la mamá de una persona loque mencionamos.
Importancia y Cuidado del Bosque,T20_P93,b'an,respirar,"ri' tb'enow respirar qa, qa pulmon.+",Es el que nos hace respirar nuestro pulmon.
Importancia y Cuidado del Bosque,T20_P110,cha',oq',"cha' t'oq'ch qe ja' uchaq, uchaq tantaq,+",Llora el agua sobre las peñas.
Importancia y Cuidado del Bosque,T20_P188,weelt,esel,aat ta' jun welt eselkat uchaq loom.+,Usted no ha salido ni una vez en los cerros.
Importancia y Cuidado del Bosque,T20_P217,b'ee,jol,A noo kond t'elch woroon chi rij inb'ee jol li chaak chik.+,A no cuando sale el monte enla me voy corriendo a trabajarlo.
Importancia y Cuidado del Bosque,T20_P218,b'ee,jol,"Juntir tk'am wasroon iin b'ee jol,+",Todo llevo mi azadon yo me boy corriendo.
Importancia y Cuidado del Bosque,T20_P225,ok,qa,Toos kwand ya t'ok jqasajik k'ichelaaj nab'e tik'am taq b'i poom chi rij ral ulew.+,Entonces cuando ya empiezan a botar montaña primero se adelantan con estoraque para pedir permizo a la matre tierra.
Importancia y Cuidado del Bosque,T20_P225,nab'e,k'am,Toos kwand ya t'ok jqasajik k'ichelaaj nab'e tik'am taq b'i poom chi rij ral ulew.+,Entonces cuando ya empiezan a botar montaña primero se adelantan con estoraque para pedir permizo a la matre tierra.
Importancia y Cuidado del Bosque,T20_P255,en,-tij,"I xentiji' li,+",Y se hizo pues.
Importancia y Cuidado del Bosque,T20_P257,en,-tij,baay ya xentiji' li.+,baya ya fue hecho pues.
Importancia y Cuidado del Bosque,T20_P260,en,-tij,"Xentiji' chaak li,+",Termirminaron de trabajr pues.
Importancia y Cuidado del Bosque,T20_P279,an-,b'ij,Per yokrek iin tanb'ij tz'eti'n.+,Pero yo creo es cierto.
Importancia y Cuidado del Bosque,T20_P311,i',b'it,"tijb'ij taq xi' jb'ite' taq paagr laq'ab',+",Dicen que fueron a levantar al sacerdote en la noche. (muy de madrugada)
Importancia y Cuidado del Bosque,T20_P315,cha',cha',"cha' taq cha',+",Dice que dijerón.
Importancia y Cuidado del Bosque,T20_P346,en,b'an,"Tons re li xen b'anik ri jwich juul li,+",Entonces él hizo o cambio la entrada de la cueva en otro lado.
Importancia y Cuidado del Bosque,T20_P428,sach,pensar,"Masi' jwert tijin tisach jpensaraq,+",Se esta perdiendo fuertemente sus pensamientos.
Importancia y Cuidado del Bosque,T20_P498,xi',ok,"k'omo qe li wee chuchaq jaa rk'i kristyan xi' okwi'w,+",Gracias si solo en las casas o con la gente van a entrar.
Importancia y Cuidado del Bosque,T20_P499,xi',ok,xi' oki'li.+,Se fue a entrar entonces.
Importancia y Cuidado del Bosque,T20_P501,xi',ok,"xi' okoq,+",Por donde fue a entrar.
Importancia y Cuidado del Bosque,T20_P559,b'e,jol,Aruk' re' ojb'e jol.+,Despues nos bamos corriendo.
Importancia y Cuidado del Bosque,T20_P563,b'e,jol,oojb'e jol ri jun jalan t'iqatoke' riglesaq mosib'.+,"Nos bamos corriendo a buscar otras iglesias, de los ladinos."
Importancia y Cuidado del Bosque,T20_P567,b'e,jol,ooj b'e jol rk'ilaq.+,Nosotros nos bamos corriedo con ellos.
Importancia y Cuidado del Bosque,T20_P604,waaj,b'e,aay iin si ta' chuwaj inb'e li jun jalaan chótix.+,hay yo si no quiero irme en otra iglesia.
trtex57Usp04.,T57_P2,b'ee,pongamos,kabaal xb'ee pongamos.+,Cabal se fue pongamos.
trtex57Usp04.,T57_P24,pet,tok,"Xpet xtokech' jun nimlaj chee',+",Se fue a buscar un palo grande.
trtex57Usp04.,T57_P27,q'ax,kwin,xq'ax xkwin man kumetz xq'axch raalaj.+,Pasó pudo pasar la culebra debajo.
trtex57Usp04.,T57_P66,ij,esa,xkabaal xij resaj chralaj man ab'aj.+,Cabal me sacó debajo de la piedra.
trtex57Usp04.,T57_P78,kan,-ye',Li naa wuron lamaas inkanjye'.+,Y en donde me deja no hay sacate.
trtex57Usp04.,T57_P112,en,k'ex,"Sol tren k'ex chwee,+",Solo me hace daño.
trtex57Usp04.,T57_P125,cha',taq,cha' taq.+,Dijeron ellos.
trtex57Usp04.,T57_P148,ya',pogam,ta' xya' pongam+,No dió pongamos.
trtex57Usp04.,T57_P207,aan,salbar,"Baay k'omo chawe xina, xina aan salbar,+",Baya gracias a vos que me salvastes.
Hombre perezoso,T30_P11,taw,taw,"Titaw, titaw, titaw li, li, li chaak+",Llega llega llega en en en el trabajo.
Hombre perezoso,T30_P11,taw,taw,"Titaw, titaw, titaw li, li, li chaak+",Llega llega llega en en en el trabajo.
Hombre perezoso,T30_P50,en,en,"I ruk'u man k'uch xen, xen wunaq.+",Y entonces el zope se comvirtió en hombre.
Hombre perezoso,T30_P83,jo',jo',"Ta' chiki' lojori xaq jo', jo' ya xatk'is achak jo',+","Ya no hay ahora, solo nos vamos vamos ya terminastes tu trabajo vamos."
Hombre perezoso,T30_P111,pe,pe,"Xpe, xpe sik' wunaq, xk'am, xk'am joq',+",Vino vino el pobre hombre fue a traer su taza..
Hombre perezoso,T30_P111,k'am,k'am,"Xpe, xpe sik' wunaq, xk'am, xk'am joq',+",Vino vino el pobre hombre fue a traer su taza..
Hombre perezoso,T30_P112,kaj,ye',"xpis raj tinik xkaj ye',+",Envolvio su carne y lo dejo.
Hombre perezoso,T30_P113,kaj,ye',xkaj ye'.+,Lo dejo.
Hombre perezoso,T30_P187,kan,tik,Per tkan qatike' jun utzil chuch qelk'waal.+,Pero dejamos sembrado un bien delante de nuestros hijos.
Hombre perezoso,T30_P188,kan,k'ut,Ri' k'ulu jun utzil tkan qak'ute' chuch qelk'waal.+,Esto es un bien que dejamos enseñado a nuestros hijos.
Hombre perezoso,T30_P250,aj,mes,raj... jmese' la jaa.+,Quiere barrer la casa.
Hombre perezoso,T30_P253,ne',wa'x,li q'aaq' rene' jwa'x juntir.+,En el fuego que lo arregle todo.
Hombre perezoso,T30_P313,tin-,wa'x,"Per tinawa'x na li, li leskwel,+",Pero tiene que estar en la escuela.
Hombre-que-come-elote,T52_P7,b'esel,xe',"B'esel, xe' lij,+",Iva y se fue en su.
Hombre-que-come-elote,T52_P11,yu',yu',"I tyu', tyu' chi rchoch tijtij tra k'ux,+",Y llega llega en su casa se come los elotillos.
Hombre-que-come-elote,T52_P97,tzaq,tzaq,"Pwes xtzaq, tzaq uxub' tra jb'aq'wich tra kinaq'+",Pues hecho hecho tres granitos de frijolitos.
Hombre-que-come-elote,T52_P138,pee,yaj,"Baa xpee k'u... yaj ék'el li iin tinb'e rk'ilaq,+","Baya vino ese niño, yo me boy con ellos."
Hombre-que-come-elote,T52_P141,xe'k,xe',"Xe'k' xe' chaq li tew,+",Se fue en el aire.
Hombre-que-come-elote,T52_P143,xe'k',taw,"I... xe'k' xtaw li jun lmar,+",Y se fue y llego en un mar.
Hombre-que-come-elote,T52_P156,maj,chap,maj taq chapik jnon li ya alayre pwes.+,Comenzaron agarrarlo asi ya en el aire pues.
Hombre-que-come-elote,T52_P162,t'oj,t'oj,"Tqa... tqat'oj, qat'oje' chi ray mojor.+",Lo tiremos con rayo mejor. (descarga admosférica)
Hombre-que-come-elote,T52_P173,putz,xi',putzul xi' qejoq ra ék'el chuchaq.+,Fue a caer el niño todo amontonado delante de ellos.
Hombre-que-come-elote,T52_P173,xi',qej,putzul xi' qejoq ra ék'el chuchaq.+,Fue a caer el niño todo amontonado delante de ellos.
Chipaj,T50_P12,kwin,yolow,Ta' inkwin inyolow laj qayólij berdaa.+,No puedo platicar en nuestro idioma verdad.
Chipaj,T50_P39,en,sufrir,jwi'l kistyan ooj lajori tijin tren taq sufrir jun kiitz.+,Por culpa de las personas nosotros ahora estamos sufriendo un poco.
Chipaj,T50_P52,kan,-tos,qatiit' lajori xkantose' taq.+,Nuestras abuelas ahora nos dejaron apartado.
Chipaj,T50_P93,k'ot,-maj,"xk'otmaji' juntir,+",Se escarbo todo.
Comentario-violencia,T29_P4,b'an,seguir,I ojala ke tab'an taq seguir rchaak ri r-ee chi' jb'itik qano'j.+,"Y ojalá que ustedes hagan lo posible, para seguir este trabajo para levantar nuestros conocimientos."
Comentario-violencia,T29_P67,een,pensar,ni sikiyer treen chik pensar jtiko'n jun.+,Ni siquiera se recuerda uno de sus siembras.
Comentario-violencia,T29_P68,en,pensar,"Ta' chiki' tren pesar jun jtikik ab'iix,+",Ya no piensa uno ni siquiera sembrar su milpa.
Comentario-violencia,T29_P69,en,pensar,ta' chiki' tren pensar jun+,Uno ya no piensa.
Comentario-violencia,T29_P180,il,b'an,"Il xen taq r-ee chótix tambyeen,+",Ya ve lo que hicieron con la iglesia tambien.
Comentario-violencia,T29_P253,b'an,wa'x,"tqab'an, tqab'an juwa'x+",Lo arreglamos.
Comentario-violencia,T29_P260,b'an,wa'x,tqab'an juwa'x qayolj.+,Arreglar nuestro idioma.
Comentario-violencia,T29_P278,b'an,wa'x,"Antons ri' k'u li rejwex tqab'an jwa'x qayolj,+",Entonces es necesario que arreglemos nuestro idioma.
Comentario-violencia,T29_P289,kwin,yolow,Peroo rechaq qik'il oj ta' tikwin tyolow taq.+,Pero ellos con nosotros no pueden platicar.
Comentario-violencia,T29_P296,b'an,wa'x,tqab'an jwa'x.+,Lo arregalmos.
Comentario-violencia,T29_P377,b'an,tantyar,oj kwini'n qes tinb'an tantiyar iin.+,Podemos digo yo.
Comentario-violencia,T29_P407,b'an,wa'x,Tqab'an jwa'x juntir+,Para areglarlo todo.
Un hombre cazador,T56_P3,en,bolber,re tren bolber ka'n.+,Él se vuelve animal.
Un hombre cazador,T56_P4,b'ee,b'ee,"I despwes tb'ee, tb'ee laq montañas+",Y después se va se va en las montañas.
Un hombre cazador,T56_P9,en,bolber,"Kond titaw kask re tren bolber jun koj,+",Cuando llega casi que él se vuelve un león.
Un hombre cazador,T56_P11,en,bolber,I kwand tipet tren bolber jun koj+,Y cuando viene se vuelve un león.
Un hombre cazador,T56_P32,en,bolber,despwes tren chik bolber pongamos kristyan.+,Despues se vuele pongamos persona.
Un hombre cazador,T56_P32,bolber,pongamos,despwes tren chik bolber pongamos kristyan.+,Despues se vuele pongamos persona.
Un hombre cazador,T56_P35,en,b'e,i tiyuq sol ji' tren tib'ek+,Y llega solo asi hace se va.
Un hombre cazador,T56_P48,en,kasar,"neen moo tren kasar re, re.+",Como hace él para cazar.
Un hombre cazador,T56_P52,aj,b'e,Ji' iin chwaj iinb'e ák'il.+,"Asi es, yo quiero irme con vos."
Un hombre cazador,T56_P68,b'an,bolber,Tinb'an bolber man koj+,Me buelvo como león.
Un hombre cazador,T56_P71,aj,jo',"I si chawaj jo' ooj kib',+",Y si queres vamos nosotros dos.
Un hombre cazador,T56_P73,b'an,bolber,Entons aat tab'an bolber koj aat.+,Entonces vos te vuelves león vos.
Un hombre cazador,T56_P79,b'an,bolber,"Antons ta'chki' tab'an bolber kristyan,+",Entonces ya no te bas a volver persona.
Un hombre cazador,T56_P82,b'an,rekomendar,Entons por iin tinb'an rekomendar chawe+,Entonces pero yo te recomiendo.
Un hombre cazador,T56_P88,en,bolber,"Xpe man jun xen bolber koj,+",Vino ese otro se volvio león.
Un hombre cazador,T56_P92,en,bolber,xen chik bolber man jun chik.+,Se volvió el otro.
Un hombre cazador,T56_P120,en,bolber,xpe man jun xen bolber.+,Vino el otro se volvió.
Un hombre cazador,T56_P122,en,bolber,"xen bolber kom jun koop qe xtij,+",Se volvió como una copa nada mas tomo.
Un hombre cazador,T56_P123,en,bolber,xen bolber kristyan.+,Se volvió persona.
Un hombre cazador,T56_P125,en,bolber,"i baa orasyon tintren ta' chiki' tkwin tren bolber kristyan,+","Y va de hacer oración hacía, ya no podía volver a ser gente."
Un hombre cazador,T56_P137,pe,eqa,Ntons xpe reqajch man benaa man jun+,Entonces vino se cargo ese otro venado.
Un hombre cazador,T56_P142,pet,xe',"Despwes xpet xe' li montaña,+",Despues vino y se fue en la montaña.
Un hombre cazador,T56_P148,kan,sach,"I saber neen moo kabal xkan sachoq laq montañ,+",Y saber como cabal se perdio en las montñas.
Un hombre cazador,T56_P150,koj,pongamos,"Pongamos re tijkojchaq pongamos mentiras chuch,+",Pongamos él ya esta mentiendo mentiras delante de ella pongamos.
Un hombre cazador,T56_P159,pet,wa'x,"Tawen i... xpet xwa'x kla' man jun,+",Esta bien y vino se quedo allí el otro.
Un hombre cazador,T56_P175,uq-,tij,"i tpet tijtuqtije',+",Y viene a comerlos.
Un hombre cazador,T56_P193,en,bolber,man jun man tren bolber koj.+,ese uno que se vuelve león.
Un hombre cazador,T56_P196,en,bolber,"xen bolber koj xijye' welt kla' tijtije' maq wákix,+","Se bolvio león fue a dar vuelta allí para comer las vacas,"
Un hombre cazador,T56_P196,ye',welt,"xen bolber koj xijye' welt kla' tijtije' maq wákix,+","Se bolvio león fue a dar vuelta allí para comer las vacas,"
Un hombre cazador,T56_P203,ka,-k'am,Xkaj xkajk'ame' man rifle+,Se quedo con el rifle. (recibió el rifle)
Un hombre cazador,T56_P207,en,bolber,"Xpe man jun xen bolber koj tamiyen,+",Vino aquel uno que se volvió león también.
Un hombre cazador,T56_P208,en,tronar,puta i baa tren tronar je'aq tijich' chi rii.+,Puta y hacen tronar sus colas de traz de ellos.
Un hombre cazador,T56_P214,en,bolber,kond xen bolber kistyan.+,Cuando se volvió persona.
Un hombre cazador,T56_P216,kan,kam,"xkan xkamsaj man koj,+",Dejo matado el león.
Un hombre cazador,T56_P235,an,salbar,"ljori xana' salbar inwákix,+",Ahora me salvastes mis vacas.
Un hombre cazador,T56_P243,pe,pe,I despwes xpe... xpe li+,Y despues vino vino en.
Un hombre cazador,T56_P244,en,seguir,despwes re xen seguir jinon li.+,Despues él siguió asi.
Niña-huérfana,T63_P2,kan,-ye',xx...xkajye' rixóqil rk'i jun ra lek'el.+,Dejo su esposa con un niño.
Niña-huérfana,T63_P4,kan,seche',I xkaj seche' ra lék'el rk'i rixóqil.+,Y dejo perdido el niño con la esposa.
Niña-huérfana,T63_P5,ka,-ye',Xpe man anm xkaye' ra lék'el rk'i jmaam.+,"Vino la mujer, dejo al niño con su abuelo."
Niña-huérfana,T63_P44,pet,maj,"I xpetk maj chuuch Angelika,+",Y vino esa mamá Angelica.
Niña-huérfana,T63_P45,en,konsejar,xen konsejar man rk'lal+,Aconsejó a su hija.
Niña-huérfana,T63_P53,pe,en,"I xpe xen jun q'iij,+",Y vino hizo un dia.
Niña-huérfana,T63_P68,wa,xi'j,numoo tuwa... xi'j re man.+,Como lo voy a sacar le dijo esa.
Niña-huérfana,T63_P103,x-,i'j,xi'j re.+,Le dijo a ella.
Niña-huérfana,T63_P113,k'a'n,sach,arab'in loke xkan asache' nab'e.+,Es tu hija loque dejastes olvidada antes.
Niña-huérfana,T63_P126,kan,sach,"xat kan inseche' ójor,+",Te deje perdida antes.
Niña-huérfana,T63_P153,pet,koj,x... xpet xkoj lestudy.+,Y vino lo metio a estudiar.
Niña-huérfana,T63_P154,x-,i'j,I ta xi'j re man ranamb' ke ta' chki' tchapon ra anm.+,Y no dijo la hermana que no haga nada de oficios la mujercita.
Niña-huérfana,T63_P157,en,estudyar,chaq tren estudyar ra anm juntir.+,Ya esta estudiando la mujercita todo.
Niña-huérfana,T63_P160,x-,i'j,maj qaaj xi'j re man ranab'.+,Su papá le dijo a su hermana.
Niña-huérfana,T63_P164,wiq,wiq,"Tawiq, tawiq man anm.+",Le tienes que vestir a esa mujercita.
Niña-huérfana,T63_P209,kan,ye',"Loke xkan inye' jli rk'i inaan,+",La que deje alla con mi mamá.
Niña-huérfana,T63_P226,xe,tz'ona,Xej tz'onaj jb'ij.+,Le fue apreguntar su nombre.
Niña-huérfana,T63_P241,xe'-,ta,loke xe'taw jb'ij re.+,Loque le fue a preguntar su nombre a ella.
Niña-huérfana,T63_P242,pet,pet,"Tons xpet, xpe maj qaaj.+",Entonces vino vino su papá.
Niña-huérfana,T63_P276,ka,jach,"Kla' xkaj jache' juntir ulew,+",Allí dejo entegado todas las tierras.
Niña-huérfana,T63_P280,ka,jach,xkaj jache' juntir qelen.+,Dejo entregado todas las cosas.
Niña-huérfana,T63_P283,ka,ye',xkaj ye' re jrab'in.+,Le dejo a su hija.
Niña-huérfana,T63_P284,pe,pe,"I xpe, xpe man wunaq,+",Y vino vino ese hombre.
Niña-huérfana,T63_P346,pet,k'am,Xpet xk'am maj qaaj laj richoch man anm.+,Se vino yse llevo a su papá en la casa de la mujercita.
Niña-huérfana,T63_P413,pet,u,Xpet xujme' chik maj rxóqil.+,Vino a traer otra vez a su mujer.
Niña-huérfana,T63_P417,i'j,i'j,"xi'j, xi'j re man rich...+",Le dijo a ese su marido.
Niña-huérfana,T63_P496,pet,k'om,"xpet xk'om,+",Vino y tomó.
Niña-huérfana,T63_P517,t'oq',toq',"xb'it jor t'oq', t'oq'.+",Se levanto como llorava llorava.
Niña-huérfana,T63_P542,en,inbitar,Si no ke re xen inbitar juntir maq jpech lisensiyado.+,Si no que ella invito a todos sus compañeros licenciados.
Niña-huérfana,T63_P547,en,inbitar,"Xen chik inbitar,+",Invotó otra vez.
Niña-huérfana,T63_P575,ij,ch'ab'e,xij ch'ab'ej taq Marimar+,Fueron hablar a Marimar.
Niña-huérfana,T63_P623,tok,oq',tok t'oq' chresaj man uu li xoq'o'l.+,Buscar llorando para sacar el collar entre el lodo.
Nabita,T35_P15,keer,desir,kyere desir tichakun+,Quiere decir que trabaja.
Nabita,T35_P64,keer,desir,i on li kere desir kita' qelen tata'w.+,Y asi quiere decir que no te va a pasar nada.
Nabita,T35_P93,b'an,seguir,entons sik wunaq xen seguir chaak+,Entonces el pobre hombre siguió el trabajando.
Nabita,T35_P192,keer,desir,kyer desir ra l ék'el wee chi íin+,Quiere decir que el patojito es mío.
Nabita,T35_P229,b'an,seguir,I sik' wunaq xen segir chaak+,Y el pobre hombre siguió trabajando.
Nabita,T35_P237,jol,xeek',"jol xek',+",Se fue corriendo.
Nabita,T35_P243,kan,-ye',"ta' chiki' raaj xkajye',+",Ya no quiso dejarlo.
Nabita,T35_P255,oq'-,kan,chaq oq'xkaan la jsook nikare'+,Se quedó llorando en su nido pués. (cama)
Nabita,T35_P272,b'e,chaja,tib'e jchajaj+,Lo va ir cuidar.
Nabita,T35_P334,taw,ch'ij,Ya kwand titaw chij ye'ik jwa ra anm+,Ya cuando llegava a dejar la comida a la mujercita.
Nabita,T35_P334,ch'ij,ye',Ya kwand titaw chij ye'ik jwa ra anm+,Ya cuando llegava a dejar la comida a la mujercita.
Nabita,T35_P473,qej,xe',"xqejch, xe' chik chi jrichooch,+","Se bajó, se fue para su casa."
Nabita,T35_P524,oq',xeek',"Ta' mas neen xta'w jor chaq ti'oq' xek',+","No mucho encontró, Se fue llorando (lloraba mucho cuando se fue)"
Nabita,T35_P526,golpear,tij,Ke golpe xtij nika...+,Que golpe recibió.
Nabita,T35_P586,b'an,ganar,"jlon qe li xen gnar ra wunaq,+",Sólo así logró el jovencito (logró el jovencito)
"Loq'-May-B'iyoom, Loq'-May-Meb'a'",T25_P2,en,pasar,neen moo xen pasar rka' kompayre pobre Ã³jor.+,Como fue el SUFrimiento de un compadre pobre antes.
"Loq'-May-B'iyoom, Loq'-May-Meb'a'",T25_P49,xek',xi',Xek' xi' jqasajch+,Lo fue a bajar.
"Loq'-May-B'iyoom, Loq'-May-Meb'a'",T25_P49,xi',qe,Xek' xi' jqasajch+,Lo fue a bajar.
"Loq'-May-B'iyoom, Loq'-May-Meb'a'",T25_P91,koj,b'en,"Tons tinkoj na b'enam,+",Bueno entonces me irÃ©.
"Loq'-May-B'iyoom, Loq'-May-Meb'a'",T25_P118,en,xe',"B'aa usil ya laq'ab' chaq, loke xen xe' wel chij man nim ab'aj.+","Baya poco a poco, como ya era de noche diÃ³ bueltas detras de piedra grande."
"Loq'-May-B'iyoom, Loq'-May-Meb'a'",T25_P133,cha',petz,"cha' petzel jun linter,+",Que venÃ­a una linterna.
"Loq'-May-B'iyoom, Loq'-May-Meb'a'",T25_P134,petz,petz,"petzel, petzel, petzel, petzelk,+",VenÃ­a y venÃ­a.
"Loq'-May-B'iyoom, Loq'-May-Meb'a'",T25_P134,petz,petz,"petzel, petzel, petzel, petzelk,+",VenÃ­a y venÃ­a.
"Loq'-May-B'iyoom, Loq'-May-Meb'a'",T25_P134,petz,petz,"petzel, petzel, petzel, petzelk,+",VenÃ­a y venÃ­a.
"Loq'-May-B'iyoom, Loq'-May-Meb'a'",T25_P152,che',qa,che' xqasaj taq reqa'n man jun.+,DigerÃ³n cuando bajarÃ³n la carga de uno.
"Loq'-May-B'iyoom, Loq'-May-Meb'a'",T25_P180,kan,ya-,"Baay xkan yamaj jwi'laq ladentr,+",Baya despues de dejarlo adentro por ellos.
"Loq'-May-B'iyoom, Loq'-May-Meb'a'",T25_P192,kan,ya,Baay xkan yamaj li jwi'laq+,Baya despues de jarlo por ellos.
"Loq'-May-B'iyoom, Loq'-May-Meb'a'",T25_P193,en,wa'x,"xenjuwa'x jkolb'aq,+",ArreglarÃ³n sus lazos.
"Loq'-May-B'iyoom, Loq'-May-Meb'a'",T25_P224,kwin,b'an,rajka' ta' ta' inkwin chi b'anik trab'aj inbid.+,Talvez que yo no pueda trabajar en mi vda.
"Loq'-May-B'iyoom, Loq'-May-Meb'a'",T25_P264,cha',esa,I xcha' resajch jun re.+,Y escogiÃ³ se sacÃ³ uno para Ã©l.
"Loq'-May-B'iyoom, Loq'-May-Meb'a'",T25_P266,uq,ye',Tons xuq jye' chi' puwerte.+,Entonces lo vino a dejar en al puerta.
"Loq'-May-B'iyoom, Loq'-May-Meb'a'",T25_P290,kan,wiqi,Rka' kan wiqili' jchoch jwi'l+,A dejado adornado su casa.
"Loq'-May-B'iyoom, Loq'-May-Meb'a'",T25_P291,kan,wiq,kan wiqili' rchoch jwi'l.+,A dejado a dornado su casa.
"Loq'-May-B'iyoom, Loq'-May-Meb'a'",T25_P292,kan,b'ij,"I xkan jb'ij re rxÃ³qil,+",Y dejÃ³ dicho a su esposa.
"Loq'-May-B'iyoom, Loq'-May-Meb'a'",T25_P304,taw,che',baa xta...w che'.+,Baya entonces llegÃ³ dice.
"Loq'-May-B'iyoom, Loq'-May-Meb'a'",T25_P315,yuq,k'amowa,taq yuq ink'anwaj tiyuqin tiyuqin.+,VendrÃ© solamente para agradecerte.
"Loq'-May-B'iyoom, Loq'-May-Meb'a'",T25_P317,koj,b'en,"kuy inmak tinkoj na b'enam,+",PerdÃ³name me tendrÃ© que ir.
"Loq'-May-B'iyoom, Loq'-May-Meb'a'",T25_P363,sut,en,"Baay sut xen taq jun raj krus,+","Baya girarÃ³n el incesario, le hicierÃ³n una crucita."
"Loq'-May-B'iyoom, Loq'-May-Meb'a'",T25_P394,en,wiich,"Xen jwichaq siq taq rka' man kuxtar,+",Se persignaron y besarÃ³n los costales.
"Loq'-May-B'iyoom, Loq'-May-Meb'a'",T25_P394,wiich,siq,"Xen jwichaq siq taq rka' man kuxtar,+",Se persignaron y besarÃ³n los costales.
"Loq'-May-B'iyoom, Loq'-May-Meb'a'",T25_P453,loq',loq',"xloq' xloq' kirner,+",Compro comprÃ³ chivos.
"Loq'-May-B'iyoom, Loq'-May-Meb'a'",T25_P472,ok,ch'ab'e,"xok chi xok chij ch'ab'ej jkompayir pobre,+",EmpezÃ³ a hablarle a su compadre pobre.
"Loq'-May-B'iyoom, Loq'-May-Meb'a'",T25_P483,'an,trat,"Ta'an trat rka' jurub' k'am chaak uk'il,+",Que hces trato de cuantas cuerdas de trabajo con migo.
"Loq'-May-B'iyoom, Loq'-May-Meb'a'",T25_P546,en,raj,"tren ri' raj re tren komo xen,+","Ãl hace quiere hacer, como hizÃ³."
"Loq'-May-B'iyoom, Loq'-May-Meb'a'",T25_P562,pet,q'ab'er,"I xpe jq'ab'erk rka' kompayr pobr,+",Y se empezÃ³ a emvolarse el compadre pobre.
"Loq'-May-B'iyoom, Loq'-May-Meb'a'",T25_P579,b'an,xab'an,"xa'an, xab'an trab'ajar abid.+","Lo que hizo, hizo trabajar su vida."
"Loq'-May-B'iyoom, Loq'-May-Meb'a'",T25_P579,xab'an,trab'ajar,"xa'an, xab'an trab'ajar abid.+","Lo que hizo, hizo trabajar su vida."
"Loq'-May-B'iyoom, Loq'-May-Meb'a'",T25_P657,koj,b'en,tinkoj na b'enam+,Me ire entonces.
"Loq'-May-B'iyoom, Loq'-May-Meb'a'",T25_P663,xe'k',aj,"Baay xe'k' rajne',+",Baya se fue talvez.
"Loq'-May-B'iyoom, Loq'-May-Meb'a'",T25_P674,t'ok,t'ok,tok ya chaq t'ok t'ok maay xtaw li luwar li.+,"Ya para entrar, ya para entrar la noche llegÃ³."
"Loq'-May-B'iyoom, Loq'-May-Meb'a'",T25_P678,kwin,tor,b'aneri xkun chij torik abre+,Bueno pue Ã©l si pudo abrirlo.
"Loq'-May-B'iyoom, Loq'-May-Meb'a'",T25_P678,tor,abre,b'aneri xkun chij torik abre+,Bueno pue Ã©l si pudo abrirlo.
"Loq'-May-B'iyoom, Loq'-May-Meb'a'",T25_P735,kan,el,"Baay loke xen rka' xkan el xo'l maq koxtar,+",Baya loque hizÃ³ mejor se quedÃ³ entre los costales.
"Loq'-May-B'iyoom, Loq'-May-Meb'a'",T25_P749,yuq,b'ij,ritraj re tiyuq jb'ij rka'.+,Lo que Ã©l quizo era venir a decir.
"Loq'-May-B'iyoom, Loq'-May-Meb'a'",T25_P759,kan,wer,"I tose xkan wer xilj maq atz'iq,+",Y entonces se quedÃ³ dormido entre esas ropas.
"Loq'-May-B'iyoom, Loq'-May-Meb'a'",T25_P805,jo,me',-A pent ka' re' jo qame'nach qiqa'n chik.+,"A derrepente pues, pero vamonos a traer nuestra carga."
"Loq'-May-B'iyoom, Loq'-May-Meb'a'",T25_P809,b'an,aberiwar,"Baay ajruk' re' tqab'an aberiwar,+",Entonces vendremmos averiguar.
"Loq'-May-B'iyoom, Loq'-May-Meb'a'",T25_P824,b'an,b'en,Ri porke maq atz'iq ri tzii jb'anik b'enol jwi'l+,Si porque la ropa esta bien areglado.
"Loq'-May-B'iyoom, Loq'-May-Meb'a'",T25_P828,te',tok,"wi' qate' qatoke' nika',+","Hay lo encontremos, lo busquemos pues."
"Loq'-May-B'iyoom, Loq'-May-Meb'a'",T25_P832,che',tok,"tr tix tche' xtok taq,+",Dijeron y lo buscarÃ³n.
"Loq'-May-B'iyoom, Loq'-May-Meb'a'",T25_P845,yuq,tok,"neen tyuq atoke' niri,+",Â¿Que vienes a buscar a quÃ­?
"Loq'-May-B'iyoom, Loq'-May-Meb'a'",T25_P880,uq-,tzaq,"tz'eti' inmak xuqintzaqe' inq'o,+",Es cierto mi pecado vine a hechar mi mano.
"Loq'-May-B'iyoom, Loq'-May-Meb'a'",T25_P892,b'anik,a'n,"aat chijb'anik ta'n akomayr pobr,+","Bos por fregar estas haciendo, tu comadre pobre."
"Loq'-May-B'iyoom, Loq'-May-Meb'a'",T25_P944,kan,tz'ap,"I neen moo tkan itz'apij,+",Y como hacer para dejarlo cerrado.
"Loq'-May-B'iyoom, Loq'-May-Meb'a'",T25_P1015,kan,el,re xkan eli'+,Ella se quedÃ³.
"Loq'-May-B'iyoom, Loq'-May-Meb'a'",T25_P1035,k'is,yol,ri' li xink'is tink'is jyolik lori.+,"Eso es lo que terminÃ©, terminÃ© de contar ahora."
Auxiliatura-Chipaj,T59_P21,b'an,sufrir,ri' li xqab'an sufrir ooj ójor.+,Eso es lo que sufrimos nosotros antiguamente.
Auxiliatura-Chipaj,T59_P41,tij,b'it,qatij jb'itik ra chótix.+,Empezamos a levantar la iglesia.
Auxiliatura-Chipaj,T59_P42,ook,b'it,Xoj ook b'itik ra chótix.+,Empezamos a levantar la iglesia.
Auxiliatura-Chipaj,T59_P45,en,pensar,E.. xen taq pensar.+,"E, se pusieron a pensar."
Auxiliatura-Chipaj,T59_P50,uq,-an,xuqane' ra usilyatur chik niri.+,Venimos hacer la auxilitatura aquí.
Auxiliatura-Chipaj,T59_P56,en,oktorisar,Xoj ren oktorisar chi tqa'n ra q'atzij.+,Nos autorizo que hicieramos nuestra municipalidad.
Auxiliatura-Chipaj,T59_P62,xi',titz',"I xi' qatitz'e' ra q'atzij kla',+",Y fuimos a meter el juzgado alli..
Auxiliatura-Chipaj,T59_P63,b'en,mandar,xen koom aldeya tb'enow mandar.+,"Se hizo, como es la aldea que manda."
Auxiliatura-Chipaj,T59_P78,'an,numrar,xqa'an numrar+,Los nombramos.
Auxiliatura-Chipaj,T59_P79,en,numrar,xoj ren numrar.+,Nos nombraron.
Auxiliatura-Chipaj,T59_P126,'an,alegrar,"Ri' chqaj tqa'an na alegrar qaldeya,+",Solo queremos hacer alegrar nuestra aldea.
Auxiliatura-Chipaj,T59_P137,b'an,kobrar,kom ta' tqab'an kobrar.+,Como no cobramos.
Auxiliatura-Chipaj,T59_P139,b'it,q'at,i ji' qe nonli xqab'it ra q'at... ra aldeya niri.+,Y solo asi levantamos nuestra aldea aquí.
Auxiliatura-Chipaj,T59_P144,en,en,"xen, xen trabajar.+",Que hizo trabajar.
Auxiliatura-Chipaj,T59_P144,en,trabajar,"xen, xen trabajar.+",Que hizo trabajar.
Auxiliatura-Chipaj,T59_P172,'an,gnar,xqa'an gnar xok re' Matey Aj Albre re alkalde.+,Logramos ganar cuando entró de alcalde don Mateo Aj Álbarez.
Auxiliatura-Chipaj,T59_P172,gnar,ok,xqa'an gnar xok re' Matey Aj Albre re alkalde.+,Logramos ganar cuando entró de alcalde don Mateo Aj Álbarez.
Auxiliatura-Chipaj,T59_P181,b'an,oktorisar,aber si ooj ab'an oktorisar.+,Haber si nos vas a autirizar.
Auxiliatura-Chipaj,T59_P190,en,kobrar,ya kom ta' tren taq kobrar rechaq.+,Ya que como no cobran ellos.
Auxiliatura-Chipaj,T59_P196,b'an,agradeser,ta'an taq agradeser.+,Tienen que agradecer.
Auxiliatura-Chipaj,T59_P199,kikotema,che',Kones kikotemal che'ch' don Matey rechaq yaq awsiliyar.+,Con eso es alegre dijo don Mateo a ellos los auxiliares.
Auxiliatura-Chipaj,T59_P232,ray,-aaj,"laj kab' q'iij tqarayaaj jun raqaa,+",Al siguente dia deseamos un nuestro.
Auxiliatura-Chipaj,T59_P233,ray,-aaj,qaaw tqarayaaj jun ra qlen.+,Nuestra comida deseamos una nuestras cosas.
Auxiliatura-Chipaj,T59_P235,b'an,pensar,tons xqab'an pensar+,Entonces nos pusimos a pensar.
Auxiliatura-Chipaj,T59_P254,b'an,kobrar,E tambyeen ta' tqab'an kobrar.+,E también no los cobramos.
Auxiliatura-Chipaj,T59_P260,yu',ch'ab'e,inyuq jch'ab'ej taq.+,Me venían hablar.
Auxiliatura-Chipaj,T59_P269,kan,k'ut,Ya xkan qak'ute' chuchaq.+,Ya les dejamos enseñado a ellos.
Auxiliatura-Chipaj,T59_P270,en,seguir,Wetren taq seguir taweno.+,Si van a seguir esta bien.
Auxiliatura-Chipaj,T59_P274,luchar,b'it,Per qe ooj xqana' luchar jb'itik.+,Porque nosotros ya luchamos para levantarlo.
Auxiliatura-Chipaj,T59_P286,kwin,q'ojoma,chi oojkwin re q'ojomank.+,Que podemos tocar la marimba.
Auxiliatura-Chipaj,T59_P289,en,pormar,entonse xen taq pormar chik tqab'an nim q'iij niri.+,Entonces formarón la fiesta de aquí.
Auxiliatura-Chipaj,T59_P293,en,areglar,xen taq areglar resaaj kombite.+,Hicieron areglar de sacar comvite.
Auxiliatura-Chipaj,T59_P293,areglar,e,xen taq areglar resaaj kombite.+,Hicieron areglar de sacar comvite.
Auxiliatura-Chipaj,T59_P295,b'en,ensayar,I ooj oojb'enow ensayar rechaq.+,Y nosotros los ensayamos a ellos.
Auxiliatura-Chipaj,T59_P303,yuq,-te',yuqte' taq jaa chwe.+,Vienen a pedirme la casa.
Auxiliatura-Chipaj,T59_P318,kwin,q'ojoma,Per ojkwin ojq'ojoman+,Pero podemos tocar la marimba.
Auxiliatura-Chipaj,T59_P322,en,ayudar,"Baay kom ya tchaq ren ayudar,+",Baya como ya nos esta ayudando.
Auxiliatura-Chipaj,T59_P323,na',kambyar,ya q'ori xna' kambyar.+,Ya ahora cambio.
Auxiliatura-Chipaj,T59_P328,'an,moles,"Ta' chki' tqa'an taq moles...,+",Ya no no los vamos a molestar.
Auxiliatura-Chipaj,T59_P329,'an,deferensiyar,"niri tqatok chik tqa'an deferensiyar,+",Aquí buscamos para poder diferenciar.
Auxiliatura-Chipaj,T59_P337,yu',q'ojoma,Aj chi naaj chaq tyu q'ojoman.+,Gente de lejos vienen a tocar.
Auxiliatura-Chipaj,T59_P355,yuq,b'en,Maa jweranta'n tyuq b'enowoq.+,No es un fuerano el que viene hacer.
Auxiliatura-Chipaj,T59_P356,en,mostrar,"Tons ri' li tren mostrar chuch kistyan,+",Entonces eso es lo que demuestra delante de la gente.
Auxiliatura-Chipaj,T59_P363,kiyere,-sir,"Ya lq'ori ya, ya, ya kiyeresir+",Ya ahora ya ya ya quiere decir.
Auxiliatura-Chipaj,T59_P366,b'ij,me',b'ij me'taqch aj San Pedro Karchaa.+,Se van a traer los de San Pedro Carcha.
Auxiliatura-Chipaj,T59_P384,kan,k'ut,ya xkan qak'ute' jun kitz loke qakapasida laj qaldeya.+,Ya dejamos enseñado un poco de nuestra capacidad a nuestra aldea.
Auxiliatura-Chipaj,T59_P390,b'an,perder,Pero ta' xqab'an perder ooj.+,Pero no perdimos nosotros.
Auxiliatura-Chipaj,T59_P393,b'an,perder,Per ta' xqab'an perder+,Pero no hicimos perder.
Auxiliatura-Chipaj,T59_P406,luchar,b'it,"Pero ya qe ooj xkani' qane' luchar jb'iti' aldeya,+",Pero ya nosotros luchamos en levantar nuestra aldea.
Auxiliatura-Chipaj,T59_P431,an,-sonar,ya xa' kwent chaq sansonar ajsik.+,Ya se dieron cuenta que sonó alla arriba.
Auxiliatura-Chipaj,T59_P451,'an,il,ya rila'tqa'n wee tzii xqa'an ril taq.+,Ya vieron si hicimos bien ante ellos.
Auxiliatura-Chipaj,T59_P459,kan,k'ut,xkan qak'ute'.+,Dejamos enseñado.
Auxiliatura-Chipaj,T59_P466,kan,toj,"Entonse ya lq'ori ya xkan qatoje',+",Entonces ya ahora ya dejamos pagado.
Vida de una jovencita,T23_P13,peet,iij,"Toses peet xiij,+",Entonces vino dijo.
Vida de una jovencita,T23_P32,ki'koot,b'ee,"i tki'koot tb'ee jqaaj le chaak,+",Y se alegra se va su papÃ¡ en el trabajo.
Vida de una jovencita,T23_P43,n,serbiir,"Xna' serbiir jqaaj,+",Le sirvio a su papÃ¡.
Vida de una jovencita,T23_P74,ka,-ye,"Kaye man a poop kla',+",Deja tu petate allÃ­.
Vida de una jovencita,T23_P113,en,desesperaar,"mas xen desesperaar ra Ã¡nm,+",Se desesperÃ³ la mujercita.
Vida de una jovencita,T23_P152,pet,ok,pet xok chij ch'ajiik man jkaa'+,Vino empezÃ³ a lavar la piedra de moler.
Vida de una jovencita,T23_P164,pet,molkochii,"xpet xmolkochiij chij b'aa mre q'apooj Ã¡nm,+",vino lo amontono del pelo a la seÃ±orita.
Vida de una jovencita,T23_P168,yu',sek',xyu sek'e' ma re rik'laal+,Llego apegar a su hija.
Vida de una jovencita,T23_P180,koj,chÃ³q'b',Koj achÃ³q'b'aq+,ApÃºrence.
Vida de una jovencita,T23_P183,ok,oq',"Xok che oq'eej mre Ã¡nm,+",Empezo a llorar la mujercita.
Vida de una jovencita,T23_P210,peet,yu',xpeet xyu jok'e' ra iik+,Vino a moler el chile.
Vida de una jovencita,T23_P210,yu',jok',xpeet xyu jok'e' ra iik+,Vino a moler el chile.
Vida de una jovencita,T23_P212,an,wa'x,xan jwa'x xtzak li ra b'o'j+,Lo arreglo y lo cocio en una ollita.
Vida de una jovencita,T23_P212,wa'x,tzak,xan jwa'x xtzak li ra b'o'j+,Lo arreglo y lo cocio en una ollita.
Vida de una jovencita,T23_P215,yu',t'o',"xyu jt'o'we' rek'laal che jb'aniik almwers,+",Vino ayudar a sus hijas para hacer el almuerzo.
Vida de una jovencita,T23_P251,peet,natun,xpeet tnatuun wunaq+,Vino miraba el hombre.
Vida de una jovencita,T23_P276,kiktom,petz,kiktomaal petzelkiin ralaaj awaq.+,Con alegria venia debajo de sus comidas.
Vida de una jovencita,T23_P333,peet,ta,"Bay xpeet xta re retz,+",Baya vino le pregunto a su hermana.
Vida de una jovencita,T23_P365,xi,mj,"Xii'n mjÃ¡ b'i b'ee,+",Se fue agarro camino.
Vida de una jovencita,T23_P368,xe',jol,xe' jol+,Se fue corriedo.
Vida de una jovencita,T23_P380,yu',ne',sab'er jurub' tyu' rene' chwe.+,Saber cuanto me va venir hacer.
Vida de una jovencita,T23_P407,el-,maj,xelmÃ¡jch.+,Se huyo.
Vida de una jovencita,T23_P490,koj,choq'b',"xkoj jchÃ³q'b',+",Se apuraron.
Vida de una jovencita,T23_P491,koj,choq'b',xkoj jchÃ³q'b'+,Se apuraron.
Vida de una jovencita,T23_P495,koj,choq'ab',"Xkoj jchoq'b'aq,+",Se apuraron.
Vida de una jovencita,T23_P505,natun,natun,tnatuun tnatuun man xib'aal+,Va de mirar va de mirar esta mi hermano.
Vida de una jovencita,T23_P525,tij,ch'uju,"Tij ch'ujursaaj wk'laal laj wchooch,+",Desespera a mis hijas en mi casa.
Vida de una jovencita,T23_P565,ok,oq',"xok chi oq'eej,+",EmpezÃ³ a llorar.
Vida de una jovencita,T23_P572,an,tantear,"bay re si xana' tantear traag,+","Baya Ã©l si tanteo su trago, o de tomar."
Vida de una jovencita,T23_P591,xe',ye',i sub'laaj aal rikra'n xe' ye' qÃ¡w Ã­wir.+,Y como pesaba su carga cuando nos fue a dejar la comida ayer.
Vida de una jovencita,T23_P633,waaj,b'e,iin mkita' chi' chwaaj inb'e Ã¡k'l.+,Yo ya no me boy con vos.
Vida de una jovencita,T23_P673,kan,ye',"Kan inye' inqaaj,+",Dejare a mi papÃ¡.
Vida de una jovencita,T23_P674,kan,ye',kan inye' inchuuch inb'ii'n.+,DejarÃ© a mi madre me boy.
Vida de una jovencita,T23_P678,kekto,win,pork iin mkita' chi' kektomaal winwi'.+,Porque yo ya no me siento contenta aquÃ­.
Vida de una jovencita,T23_P716,yu',-q'ab'ar,"man xyu'q'ab'arsan re a k'ajool,+",Ese que vino a enborrachar a tÃº hijo.
Vida de una jovencita,T23_P737,xi',mol,xi' a-mole'ch kirtyaana+,Fuistes a recoger personas.
Vida de una jovencita,T23_P755,yu,b'iij,mre wunaq xyuj b'iij.+,El hombrecito vino avisar.
Vida de una jovencita,T23_P763,yu',b'ij,xyuq a-b'ij chwe.+,Me lo venistes a decir.
Vida de una jovencita,T23_P774,yu',k'ut,chweeq' tyu qak'ute' qiib'.+,MaÃ±ana benimos apresentarnos.
Vida de una jovencita,T23_P788,kan,ye',entons iin tikan inye'+,Entonces yo lo dejare.
Vida de una jovencita,T23_P795,kan,ye',"iin tkan inye' jrab'iin,+",Yo dejare a su hija.
Vida de una jovencita,T23_P827,kan,-ye',xkanye' mre Ã¡nm.+,Dejo a la mujercita.
Vida de una jovencita,T23_P844,an,seguir,muran k'u seguir jinon li.+,Que no sigua asi.
Vida de una jovencita,T23_P863,an,seguir,Mran k'u seguir qaqatilmiit+,Que no siga nuestro pueblo.
Hombre-pobre y hombre-rico,T55_P20,xe',xe',despwes xe'j xe' maj kompadr.+,"Despues se fue su compadre,"
Hombre-pobre y hombre-rico,T55_P60,xe',xilj,xe' xilj ra riy+,Se fue dentro de un rio.
Hombre-pobre y hombre-rico,T55_P61,en,krusar,kabal xen krusar ra riy.+,Cabal cruzó el rio.
Hombre-pobre y hombre-rico,T55_P71,kan,wer,"Despwes nik' xkan xwer taq pech maq komersiyante,+",Después igual o juntos se quedaron durmiendo con los comerciantes.
Hombre-pobre y hombre-rico,T55_P78,kan,wer,"ta' naad xkan xwer chi q'aaq',+",No hay nada que se quedó dormido serca del juego.
Hombre-pobre y hombre-rico,T55_P80,ij,pe,"I saber neen moo li xij xpe,+","Y saber que modo es eso, dijo vino."
Hombre-pobre y hombre-rico,T55_P106,tzaq,xe',"xtzaq xe' chilik jolb'wen,+","Se asustó, y se fue a ver rapidamente."
Hombre-pobre y hombre-rico,T55_P106,xe',il,"xtzaq xe' chilik jolb'wen,+","Se asustó, y se fue a ver rapidamente."
Hombre-pobre y hombre-rico,T55_P106,il,jol,"xtzaq xe' chilik jolb'wen,+","Se asustó, y se fue a ver rapidamente."
Hombre-pobre y hombre-rico,T55_P112,kan,wer,"I re xkan xweroq ijweput re apenaad chaq wi' kla',+","Y él se quedo dormido, y jueputa él ya está apenado allí."
Hombre-pobre y hombre-rico,T55_P127,pet,uq,"I... xpet xuq,+",Y vino él llego.
Hombre-pobre y hombre-rico,T55_P139,b'an,bajar,"lajori tinb'an chik bajar man inkompadre,+",Ahora hago bajar a mi compadre. (umillarlo)
Hombre-pobre y hombre-rico,T55_P172,en,koj,Rek... pongamos re chaq tren koj protext re jnimal.+,Pongamos ellos hicierón pretextos de: (hizo pretexto)
Hombre-pobre y hombre-rico,T55_P174,en,k'ex,"A... i weyn kaabal xen k'ex chwe iin,+",A y a mi cabal me hizo daño a mi.
Sapo y venado,T49_P71,en,perder,"el ke neen tren perder ri' tren perder,+","El que, quien pierda, es el de perder."
Sapo y venado,T49_P71,en,perder,"el ke neen tren perder ri' tren perder,+","El que, quien pierda, es el de perder."
Sapo y venado,T49_P103,petz,petz,"Petz eel, petz eel man benaa,+",Venía venía ese venado.
Sapo y venado,T49_P111,'an,alinyar,rechaq tqa'an alinyar qiib'.+,Nos alineamos.
Sapo y venado,T49_P134,en,alinyar,"Xen alinyar ka... kaa tres metro jxo'laq,+",Se alinearon cada cada tres metros de espacios.
Sapo y venado,T49_P160,en,komnikar,"Xen taq komnikar ri'b'al,+",Se comunicaron entre ellos.
Sapo y venado,T49_P178,kwin,cha',"Si atkwin cha'saj re,+",Si podes le dijeron a él.
Sapo y venado,T49_P225,kan,xem,Ta' tkan i ta' tkan i ta' tkan xem.+,No se queda y no se queda y no se queda venia siguiendo. (sigue adelante)
Sapo y venado,T49_P246,en,famar,"Tren famar rib' li bee,+",Se afamava en el camino.
Ocupaciones,T68_P3,maaj,b'an,I kwando oj b'itk ri' tqamaaj jb'anik qames+,Y cuando nos levantamos es empezar a barrer.
Ocupaciones,T68_P14,maaj,lej,tqamaaj jlejik qawa.+,Empezamos a tortear nuestras tortillas.
Ocupaciones,T68_P43,tiq,tiq,"qatiq, qatiq. Despwes+",Lo añadimos despues.
Ocupaciones,T68_P80,kan,ch'aj,pwes tkanqach'aje' qlen qe chik+,Pues dejamos lavado nuestra cosas otra vez.
Ocupaciones,T68_P113,kwin,lej,pwes ajki' inkwin re lej+,Pues todabia no podia tortear.
Ocupaciones,T68_P117,b'an,mes,"i in niri ta' pen xaq tab'an qe mes,+",Y con migo aquí no hay pena solo haces nuestro barido.
Ocupaciones,T68_P126,kwin,jaat,Tziin mij si atkwinin jaat+,Esta bien mija si puedes vete.
Ocupaciones,T68_P133,b'an,mes,pongamos xaq tinb'an qe mes+,Pongamos solo hago el barrido. ( la limpeza)
Ocupaciones,T68_P216,aj,k'uli',"i xiij chwe ke, tz'et re ke raj tik'uli',+",Y me dijo a mi que es cierto él se quiere casarce.
Ocupaciones,T68_P217,b'an,aseptar,tons non qe li in xinb'ana' aseptar re.+,Entonces asi solo fue que yo lo hacepte a él.
Ocupaciones,T68_P225,b'an,aseptar,I non qe li xinb'an aseptar+,Y solo asi fue coomo yo lo acepte.
Ocupaciones,T68_P266,en,kumplir,ya tren kumplir tres añ tambyen.+,Ya va a cumplir sus tres años también.
Ocupaciones,T68_P315,b'an,leer,ta' in kwin tinb'an leer nad.+,No puedo leer nada.
Ocupaciones,T68_P385,yuq,suj,u... tyuq jsuje' qelen+,Vienen a ofrecer cosas.
Ocupaciones,T68_P395,kan,ye',ntons kan ye' qelen wee+,entonces dejame mis cosas
Ocupaciones,T68_P529,kan,ye',"xkan jye' taq li na,+","lo habian dejado,"
Ocupaciones,T68_P532,kan,ye',xkan jye' taq li na+,lo habian dejado
Ocupaciones,T68_P569,yu',solá,"non li ke atyuq taq solaj,+","asi que nos vienen a visitar,"
Pedro-Malo,T36_P23,b'en,bendesir,no ke konto wákix tib'ensaj bendesir xi'j.+,No que con toda y vacas le dan la vendición.
Pedro-Malo,T36_P23,bendesir,i'j,no ke konto wákix tib'ensaj bendesir xi'j.+,No que con toda y vacas le dan la vendición.
Pedro-Malo,T36_P25,koj,b'i,"re ta' tijkoj neb'ire',+",Él no cree como se llama...
Pedro-Malo,T36_P38,aj,'an,"A, si ta' chawaj ta'an bendesir inwákix pech inkaret+",A si no queres que bendigas mi vaca junto mi carreta. (bueyes)
Pedro-Malo,T36_P38,'an,bendesir,"A, si ta' chawaj ta'an bendesir inwákix pech inkaret+",A si no queres que bendigas mi vaca junto mi carreta. (bueyes)
Pedro-Malo,T36_P47,aj,ooqta,"Sim ta' chawaj rooqtaj taq wákix,+",Si no quieres coretió sus vacas.
Pedro-Malo,T36_P58,en,intento,tons x...i taq wákix kita' xen taq intento xok taq laj chótix+,Entonces solamente las vacas no hicieron él intento de entrar a la iglesia.
Pedro-Malo,T36_P58,intento,ok,tons x...i taq wákix kita' xen taq intento xok taq laj chótix+,Entonces solamente las vacas no hicieron él intento de entrar a la iglesia.
Pedro-Malo,T36_P60,kere,desir,kere desir komo jun kistyan wi'...+,Quiere decir como una persona tiene.
Pedro-Malo,T36_P62,an,respetar,"I re, kirtyani'n, kita' tran respetar.+",Y él es persona no respeta.
Pedro-Malo,T36_P66,kaa,ye',xkaaj ye' taq man karet.+,Dejarón la carreta.
Pedro-Malo,T36_P73,pe,jus,xpe xjusaajb'i rib'aq+,Vinieron se safarón.
Pedro-Malo,T36_P101,kan,eqe,"Dyunabes xkaan reqe tzaqow ch'ol laq b'e,+",De una vez se volvió espanto en los caminos.
Pedro-Malo,T36_P101,eqe,tzaq,"Dyunabes xkaan reqe tzaqow ch'ol laq b'e,+",De una vez se volvió espanto en los caminos.
Pedro-Malo,T36_P116,q'ax,q'ax,"ri' re tiq'ax, tiq'ax primero laq b'ee+",Es él el que pasa pasa primero en el camino.
Pedro-Malo,T36_P131,kyere,desir,"Kyere desir ta', ta' tikojoon taq+","Quiere decir que no, no aceptán o respetán."
Pedro-Malo,T36_P135,kyere,desir,"kyere desir jbid, rechi' tiwa'kot+",Quiere decir su vida es de pasear.
Pedro-Malo,T36_P145,b'en,maldisyar,porke ta' tzii tib'ensaj maldisyar jbid jun.+,Porque no es bueno que maldicen la vida de uno.
Pedro-Malo,T36_P146,kaan,sach,"Rik'il jun kitz tikaan sach jun,+",Solo con un poco se queda perdido uno.
Mujer-con-nawal,T54_P44,b'an,cha',"Tiit' neen moo tinb'an cha' nikare,+",Abuela por que haces le dijo.
Mujer-con-nawal,T54_P46,ij,ij,"A... xaq derepent xij, xij jtiit' re.+",A solo derepente dijo dijo su abuela a ella.
Mujer-con-nawal,T54_P55,tzek,utzá,"Si no ke juun qe tatzek xutzaj,+",Si no que uno nada mas le dijerón.
Mujer-con-nawal,T54_P74,xi',xi',"Derepent xi', xi' xijk'ome'.+",De repente fue fue a traer.
Mujer-con-nawal,T54_P116,b'e,tzak,"Ke twa'x li, li, li ke tb'e li tzakow kinaq'.+",Que se quede en en en que se va a cocinar frijol.
Mujer-con-nawal,T54_P118,b'e,tzek,"mejor antes, antes ke inb'e li tzekow kinaq',+",Mejor antes antes que me vaya a cocer frijol.
Mujer-con-nawal,T54_P154,en,cha',i baa ch'opiin chaq tren cha'.+,Y va de brincar estaba dice.
Mujer-con-nawal,T54_P167,jo',xek',x... xen ji'non li jo' xek'.+,Y lo que hizo se fue corriendo.
Mujer-con-nawal,T54_P168,ij,tzak,"Xij tzake' ra kinaq' mejor,+",Fue a cocer su frijolito.
Mujer-con-nawal,T54_P173,tzek,ij,Derepente juun qe ra jb'aq'wich kinaq' tijtzek xijsaj re.+,Derepente un solo granito de frijol lo coces le dijeron a ella.
Mujer-con-nawal,T54_P185,ok,ch'opi,i xok chi ch'opiink.+,Y empezó a brincar.
Mujer-con-nawal,T54_P208,ok,ij,in xinok chij b'anik witin+,Yo empecé a bañarme.
Mujer-con-nawal,T54_P208,ij,b'an,in xinok chij b'anik witin+,Yo empecé a bañarme.
Mujer-con-nawal,T54_P213,kan,xut,"Tonses xkan xutsaj laj, laj, laj...+",Entonces la dejarón despreciada en en en en.
Mujer-con-nawal,T54_P246,xe',xe',"xe', xe' laq tza'l.+",Se fue se fue en los matorrales.
Mujer-con-nawal,T54_P266,en,bolber,Aruk' ree' xen bolber+,Entonces se volvió.
Mujer-con-nawal,T54_P322,ka,t'oj,I tikaj t'oje'.+,Y deja tirado.
Mujer-con-nawal,T54_P330,kan,ye',"Tkan ye'saj re jb'ij Lu... jb'ij b'uuq,+",Se deja el nombrecito guadalupe su nombre siguamonta.
Hombre mandón,T37_P11,kiyere,-sir,"kiyeresir jwebes,+",Quiere decir jueves.
Hombre mandón,T37_P26,aj,b'e,I tpet i taq mokom ta' raj tb'e taq.+,Y vienen y los mozos no quieren irce.
Hombre mandón,T37_P73,jo',b'ij,Noo a antons jo' qab'ij re man qapatron.+,No a entonces vamos a decirle a nuestro patron.
Hombre mandón,T37_P77,kan,ye',tkan qaye' maq wákix.+,Dejamos las vacas.
Hombre mandón,T37_P78,yuq,me',"Tz'aqat tyuq qame',+",Despues los venimos a trer.
Hombre mandón,T37_P90,ij,ye',cha' maq ni'j xk'am taq b'i wákix xij ye'....+,Dijeron los otros se llevaron las vacas lo dejaron.
Hombre mandón,T37_P99,-aj,b'e,A' esk ataq kib' awanmaq b'eselka taq ta' chawaj atb'e taq.+,A esque ustedes con dos corazon ivan no querian irse.
Hombre mandón,T37_P103,en,tzaq,Naa raj neen tren tzaqsaj jch'olaq.+,Nada quiere que hacer por eso los asustan.
Hombre mandón,T37_P107,jo',jo',"Baay jo' taq jo' taq neb'i re' iinb'i' iin,+",Baya vamos vamos como se llama me voy yo.
Hombre mandón,T37_P119,jo,il,Jo' qile' na'li wee tz'et tinkoja' atzijaq.+,"Vamos a ver si es cierto, y les creo sus palabras."
Hombre mandón,T37_P119,il,na'l,Jo' qile' na'li wee tz'et tinkoja' atzijaq.+,"Vamos a ver si es cierto, y les creo sus palabras."
Hombre mandón,T37_P135,ij,il,Wi' xe' taq xij rile' taq xe' taq.+,Y se fuerón a ver se fuerón.
Hombre mandón,T37_P186,welt,welt,"I welt i welt tya' man wákix chuch,+",Y vuelta y vuelta dio la vaca en frente de él.
Hombre mandón,T37_P186,welt,ya',"I welt i welt tya' man wákix chuch,+",Y vuelta y vuelta dio la vaca en frente de él.
Hombre mandón,T37_P251,te',na'l,Pen ne' tqate' na'li li naj tren tokik man wákix li.+,"Derepente lo encontramos otra vez, derepente se lleva muchos días en buscar esa vaca."
Hombre mandón,T37_P251,en,tok,Pen ne' tqate' na'li li naj tren tokik man wákix li.+,"Derepente lo encontramos otra vez, derepente se lleva muchos días en buscar esa vaca."
Hombre mandón,T37_P270,en,kastigar,"Diyoos xen kastigar,+",Dios lo castigó.
Hombre mandón,T37_P304,ta',il,"b'a ri nunk chik xta' ril taq chik jwich man patron,+",Ya nunca encontraron o vieron la cara del patron.
Hombre mandón,T37_P308,pee,b'an,Pores t'ij taq kristyan ke... loke tiyolow taq neen pee jb'anik q'iij.+,"Por eso dicen las personas, que loque cuentan como es el dia."
Hombre mandón,T37_P315,en,pet,wi' bes jun loke tren pee laj no'j.+,"Hay veces loque uno hace, lo uqe viene en su pensamiento."
Hombre mandón,T37_P320,uq,k'om,I balut xuq k'omsaj re.+,Y vinieron a traer a él.
Hombre mandón,T37_P331,kan,b'an,"Loke xkan b'ansaj re,+",Loque dejaron hecho a él.
Hombre mandón,T37_P351,aj,b'e,Naa raj tib'ek.+,Nada quiere ir se.
Hombre mandón,T37_P367,pet,k'ab'el,xpet k'ab'el jchi' petzel chi rij.+,Venía con la trompa abierta.
Hombre mandón,T37_P372,kan,t'oj,Wi' tzik' rsoron xkaj t'oje' xelmajch jol.+,Tenia su azadon lo dejo tirado se vino corriendo.
Hombre mandón,T37_P379,en,ánimar,"Ta' chk'i tren animar t'ijmech' raj chiim,+","Ya no se animaba de ir a traer su matate, o morral."
Hombre mandón,T37_P388,jo',il,jo' qile' jun kitz nim q'iij.+,Vamos aver un poco la fiesta.
Hombre mandón,T37_P397,aj,-ta,Wen kom ta' chawaj tata loke jun tijb'ij chawe+,Bueno como no quieres escuchar loque uno te dice.
Hombre mandón,T37_P406,en,pasar,I ri' non li xen pasar man jun lomism.+,Y asi es como hizo pasar ese uno lo mismo.
Hombre mandón,T37_P417,aj,xe',Jwi'l kapchudil ta' raj xe' rk'i tzik' rxóqil+,Por ser caprichudo no se quizo ir con su esposa.
[no title given],T22_P2,an,grabar,"Iv.byen qaaj Leandro loq' chaq atch'aw tqa'an grabar atziij ayolij. Lajorii tinb'iij jurel inyolj,+",Bien don Leandro ya puede comenzar su plática. Ahora boy a decir una mi palabrita.
[no title given],T22_P21,kan,koj,re xkan jkoje' taq jb'iij+,Le dejaron puesto el nombre.
[no title given],T22_P49,kaj-,koj,Xkajkoje' taq jb'iij+,Le dejaron puesto el nombre.
[no title given],T22_P53,kaj,koj,Xkaj koje' taq jb'iij ra uleew+,Dejarón puesto el nombre de la tierrita. (lugar)
[no title given],T22_P55,kan,jeqar,lajori ri' li xkan jeqaroq jb'iij.+,Ahora eso es lo que quedó de una vez.
[no title given],T22_P96,kan,b'ij,xkan jb'ij taq chqe.+,Nos lo dejarón dicho.
[no title given],T22_P157,kan,tik,Ri k'uli xkan jtike' taq+,Eso fue lo que dejaron sembrado.
[no title given],T22_P166,kan,tik,xkan jtike' taq+,Dejaron sembrado.
[no title given],T22_P256,e',b'iij,"xe' jb'iij re richijil,+",Se fue a decirle a su esposo.
[no title given],T22_P257,ij,tok,"xíj toke' taq,+",Lo fueron a buscar.
[no title given],T22_P295,el,jol,"xelch jol,+",Salió corriendo.
[no title given],T22_P299,kwin,pe,xkwin xpechiik+,pudo volver otra vez.
[no title given],T22_P332,kan,ye',"kanel xkan jye' kiib' tra rik'laal,+",Se dejo a sus dos hijitos.
[no title given],T22_P335,ka,ye',"antos kla' li xkaj xkaj ye' tra ák'l,+",Entoces de alli dejó a sus hijitos.
[no title given],T22_P337,kan,ye',"Xkan jye' kiib' traa rik'laal sik' anm,+",Dejó dos hijos la pobre señora.
[no title given],T22_P338,kan,ye',xkan jye'+,Los dejó.
[no title given],T22_P341,kan,kan,"Jii' qe noon li xkan xkan jye' tral ák'l,+",Solo de esa manera dejo a sus hijitos.
[no title given],T22_P341,kan,ye',"Jii' qe noon li xkan xkan jye' tral ák'l,+",Solo de esa manera dejo a sus hijitos.
[no title given],T22_P359,raj,pe,"re raj tpe cherchooch,+",Ella queria venir a su casa.
[no title given],T22_P575,il,qej,xqil xqejch jura b'aatz'.+,Vimos que venía bajando a un saraguatillo.
[no title given],T22_P599,il,il,Xil rile' taq+,Fueron a verlo.
[no title given],T22_P605,yu',k'am,"Xyu'jk'ame' jun ek',+",Vino a traer a una gallina.
[no title given],T22_P610,oq,k'am,kwand xroq xk'am b'i jun ek'.+,Cuando ya se avía llevado a una gallina.
[no title given],T22_P619,ye',kam,tijye kamik r-e+,Le daba la muerte.
[no title given],T22_P628,ye',kam,solo tiye' kamiik re.+,Siempre le dava la muerte (le daba ataques. conbulciones)
[no title given],T22_P656,kamsaa,-ji',xinkamsaaji' raj jun dosyentos raqan aaq.+,Maté talvez unos docientos patas de coche. (unas docientas unidades)
[no title given],T22_P688,yu',yu',Tyu' tyu'ye' rib'aq laq ta'j.+,Se vienen a dejarse en las planicies.
[no title given],T22_P688,yu',-ye',Tyu' tyu'ye' rib'aq laq ta'j.+,Se vienen a dejarse en las planicies.
